{"summary": {"average": 3.6923076923076925, "count": 13, "sortable": 2.9048164811987554}, "counts": {"1": 2, "2": 2, "3": 1, "4": 1, "5": 7}}