{"summary": {"average": 4.333333333333333, "count": 6, "sortable": 3.114900291576932}, "counts": {"1": 0, "2": 0, "3": 1, "4": 2, "5": 3}}