{"summary": {"average": 3.9368421052631577, "count": 95, "sortable": 3.721132697535656}, "counts": {"1": 3, "2": 4, "3": 19, "4": 39, "5": 30}}